,estimate,lowCI,highCI,pVal
Intercept,902540.9532950794,-5277034.939620074,7082116.846210232,0.77461730270086
budget,2.9600801825328773,2.857418146916038,3.0627422181497166,0.0
